{
    "Heart_Rate_Mean": 36.99324324324325,
    "PR_Interval_ms": 301.2112676056338,
    "QRS_Duration_ms": 242.4551724137931,
    "QT_Interval_ms": 420.54545454545456,
    "Sinus_Rhythm": false,
    "Quality_OK": true,
    "subject_type": "fetal",
    "filename": "a08_cleaned.npy"
}