{
    "Heart_Rate_Mean": 33.18695316952164,
    "PR_Interval_ms": 301.7878787878788,
    "QRS_Duration_ms": 100.63636363636364,
    "QT_Interval_ms": 328.5496183206107,
    "Sinus_Rhythm": false,
    "Quality_OK": true,
    "subject_type": "fetal",
    "filename": "a13_cleaned.npy"
}