{
    "Heart_Rate_Mean": 34.02114597544338,
    "PR_Interval_ms": 248.0916030534351,
    "QRS_Duration_ms": 216.03100775193798,
    "QT_Interval_ms": 393.2142857142857,
    "Sinus_Rhythm": false,
    "Quality_OK": true,
    "subject_type": "fetal",
    "filename": "a15_cleaned.npy"
}