{
    "Heart_Rate_Mean": 53.08087076107739,
    "PR_Interval_ms": 153.45971563981044,
    "QRS_Duration_ms": 142.04739336492892,
    "QT_Interval_ms": 260.22966507177034,
    "Sinus_Rhythm": false,
    "Quality_OK": true,
    "subject_type": "fetal",
    "filename": "a17_cleaned.npy"
}