{
    "Heart_Rate_Mean": 31.462371004278886,
    "PR_Interval_ms": 304.6774193548387,
    "QRS_Duration_ms": 102.432,
    "QT_Interval_ms": 338.5123966942149,
    "Sinus_Rhythm": false,
    "Quality_OK": true,
    "subject_type": "fetal",
    "filename": "a19_cleaned.npy"
}