{
    "Heart_Rate_Mean": 21.44485866299902,
    "PR_Interval_ms": 293.62025316455697,
    "QRS_Duration_ms": 103.9493670886076,
    "QT_Interval_ms": 243.07692307692307,
    "Sinus_Rhythm": false,
    "Quality_OK": true,
    "subject_type": "fetal",
    "filename": "a20_cleaned.npy"
}