{
    "Heart_Rate_Mean": 31.030307107538093,
    "PR_Interval_ms": 315.739837398374,
    "QRS_Duration_ms": 169.8861788617886,
    "QT_Interval_ms": 381.7894736842105,
    "Sinus_Rhythm": false,
    "Quality_OK": true,
    "subject_type": "fetal",
    "filename": "a24_cleaned.npy"
}