{
    "Heart_Rate_Mean": 30.903809781140232,
    "PR_Interval_ms": 275.1803278688525,
    "QRS_Duration_ms": 101.08196721311475,
    "QT_Interval_ms": 285.2892561983471,
    "Sinus_Rhythm": false,
    "Quality_OK": true,
    "subject_type": "fetal",
    "filename": "a25_cleaned.npy"
}