{
    "Heart_Rate_Mean": 34.46339221893189,
    "PR_Interval_ms": 276.6829268292683,
    "QRS_Duration_ms": 338.92913385826773,
    "QT_Interval_ms": 448.40579710144925,
    "Sinus_Rhythm": false,
    "Quality_OK": true,
    "subject_type": "fetal",
    "filename": "a26_cleaned.npy"
}