{
    "Heart_Rate_Mean": 59.47180969020899,
    "PR_Interval_ms": 159.86382978723404,
    "QRS_Duration_ms": 182.13100436681222,
    "QT_Interval_ms": 253.86206896551724,
    "Sinus_Rhythm": false,
    "Quality_OK": true,
    "subject_type": "fetal",
    "filename": "a28_cleaned.npy"
}