{
    "Heart_Rate_Mean": 9.85212930254025,
    "PR_Interval_ms": 735.3333333333334,
    "QRS_Duration_ms": 142.7027027027027,
    "QT_Interval_ms": 390.2068965517241,
    "Sinus_Rhythm": false,
    "Quality_OK": true,
    "subject_type": "fetal",
    "filename": "a30_cleaned.npy"
}