{
    "Heart_Rate_Mean": 47.2190424887213,
    "PR_Interval_ms": 222.80434782608697,
    "QRS_Duration_ms": 204.40641711229947,
    "QT_Interval_ms": 372.1333333333333,
    "Sinus_Rhythm": false,
    "Quality_OK": true,
    "subject_type": "fetal",
    "filename": "a35_cleaned.npy"
}