{
    "Heart_Rate_Mean": 40.66673360779195,
    "PR_Interval_ms": 211.20987654320987,
    "QRS_Duration_ms": 120.96296296296296,
    "QT_Interval_ms": 265.58024691358025,
    "Sinus_Rhythm": false,
    "Quality_OK": true,
    "subject_type": "fetal",
    "filename": "a37_cleaned.npy"
}