{
    "Heart_Rate_Mean": 20.71752549193466,
    "PR_Interval_ms": 345.873417721519,
    "QRS_Duration_ms": 153.77777777777777,
    "QT_Interval_ms": 467.35135135135135,
    "Sinus_Rhythm": false,
    "Quality_OK": true,
    "subject_type": "fetal",
    "filename": "a38_cleaned.npy"
}