{
    "Heart_Rate_Mean": 38.25819637518369,
    "PR_Interval_ms": 237.11258278145695,
    "QRS_Duration_ms": 148.39735099337747,
    "QT_Interval_ms": 320.42384105960264,
    "Sinus_Rhythm": false,
    "Quality_OK": true,
    "subject_type": "fetal",
    "filename": "a39_cleaned.npy"
}