{
    "Heart_Rate_Mean": 46.505781799899445,
    "PR_Interval_ms": 203.02173913043478,
    "QRS_Duration_ms": 96.95135135135135,
    "QT_Interval_ms": 337.4054054054054,
    "Sinus_Rhythm": false,
    "Quality_OK": true,
    "subject_type": "fetal",
    "filename": "a40_cleaned.npy"
}