{
    "Heart_Rate_Mean": 56.37773079633545,
    "PR_Interval_ms": 155.83856502242153,
    "QRS_Duration_ms": 182.88288288288288,
    "QT_Interval_ms": 251.23214285714286,
    "Sinus_Rhythm": false,
    "Quality_OK": true,
    "subject_type": "fetal",
    "filename": "a44_cleaned.npy"
}