{
    "Heart_Rate_Mean": 29.348214437620157,
    "PR_Interval_ms": 345.4260869565217,
    "QRS_Duration_ms": 99.9304347826087,
    "QT_Interval_ms": 422.7692307692308,
    "Sinus_Rhythm": false,
    "Quality_OK": true,
    "subject_type": "fetal",
    "filename": "a45_cleaned.npy"
}