{
    "Heart_Rate_Mean": 19.2453785768549,
    "PR_Interval_ms": 488.6575342465753,
    "QRS_Duration_ms": 151.8421052631579,
    "QT_Interval_ms": 442.6666666666667,
    "Sinus_Rhythm": false,
    "Quality_OK": true,
    "subject_type": "fetal",
    "filename": "a46_cleaned.npy"
}