{
    "Heart_Rate_Mean": 31.506733293808757,
    "PR_Interval_ms": 331.4188034188034,
    "QRS_Duration_ms": 357.6666666666667,
    "QT_Interval_ms": 525.7254901960785,
    "Sinus_Rhythm": false,
    "Quality_OK": true,
    "subject_type": "fetal",
    "filename": "a47_cleaned.npy"
}