{
    "Heart_Rate_Mean": 31.955044871257233,
    "PR_Interval_ms": 206.8235294117647,
    "QRS_Duration_ms": 408.0983606557377,
    "QT_Interval_ms": 416.780487804878,
    "Sinus_Rhythm": false,
    "Quality_OK": true,
    "subject_type": "fetal",
    "filename": "a57_cleaned.npy"
}