{
    "Heart_Rate_Mean": 54.181508051974106,
    "PR_Interval_ms": 165.11111111111111,
    "QRS_Duration_ms": 110.94444444444444,
    "QT_Interval_ms": 223.88888888888889,
    "Sinus_Rhythm": false,
    "Quality_OK": true,
    "subject_type": "fetal",
    "filename": "a58_cleaned.npy"
}