{
    "Heart_Rate_Mean": 27.223230490018143,
    "PR_Interval_ms": 346.6792452830189,
    "QRS_Duration_ms": 256.52830188679246,
    "QT_Interval_ms": 176.66666666666666,
    "Sinus_Rhythm": false,
    "Quality_OK": true,
    "subject_type": "fetal",
    "filename": "a59_cleaned.npy"
}