{
    "Heart_Rate_Mean": 24.82688735010978,
    "PR_Interval_ms": 276.53061224489795,
    "QRS_Duration_ms": 145.55102040816325,
    "QT_Interval_ms": 345.9183673469388,
    "Sinus_Rhythm": false,
    "Quality_OK": true,
    "subject_type": "fetal",
    "filename": "a70_cleaned.npy"
}