{
    "Heart_Rate_Mean": 38.33071026044575,
    "PR_Interval_ms": 185.2027972027972,
    "QRS_Duration_ms": 324.751677852349,
    "QT_Interval_ms": 413.08843537414964,
    "Sinus_Rhythm": false,
    "Quality_OK": true,
    "subject_type": "fetal",
    "filename": "a71_cleaned.npy"
}