{
    "Heart_Rate_Mean": 12.204199629546281,
    "PR_Interval_ms": 620.936170212766,
    "QRS_Duration_ms": 135.2340425531915,
    "QT_Interval_ms": 460.8235294117647,
    "Sinus_Rhythm": false,
    "Quality_OK": true,
    "subject_type": "fetal",
    "filename": "a73_cleaned.npy"
}