{
    "Heart_Rate_Mean": 27.168756792189193,
    "PR_Interval_ms": 305.5238095238095,
    "QRS_Duration_ms": 168.68571428571428,
    "QT_Interval_ms": 322.74285714285713,
    "Sinus_Rhythm": false,
    "Quality_OK": true,
    "subject_type": "fetal",
    "filename": "a74_cleaned.npy"
}