{
    "Heart_Rate_Mean": 105.1525103829454,
    "PR_Interval_ms": 153.2404181184669,
    "QRS_Duration_ms": 48.656488549618324,
    "QT_Interval_ms": 207.45038167938932,
    "Sinus_Rhythm": false,
    "Quality_OK": true,
    "subject_type": "maternal",
    "filename": "sub02_l4_c0_combined_cleaned_mecg.npy"
}