{
    "Heart_Rate_Mean": 97.79248446878395,
    "PR_Interval_ms": 86.30327868852459,
    "QRS_Duration_ms": 57.60655737704918,
    "QT_Interval_ms": 242.02459016393442,
    "Sinus_Rhythm": true,
    "Quality_OK": true,
    "subject_type": "maternal",
    "filename": "sub05_l2_c0_combined_cleaned_mecg.npy"
}