{
    "Heart_Rate_Mean": 113.06024633062579,
    "PR_Interval_ms": 123.1063829787234,
    "QRS_Duration_ms": 63.13200723327306,
    "QT_Interval_ms": 533.2404181184669,
    "Sinus_Rhythm": false,
    "Quality_OK": true,
    "subject_type": "fetal",
    "filename": "sub04_l4_c0_combined_cleaned_fecg.npy"
}