{
    "Heart_Rate_Mean": 93.49811394565664,
    "PR_Interval_ms": 165.5107296137339,
    "QRS_Duration_ms": 184.3519313304721,
    "QT_Interval_ms": 325.694623655914,
    "Sinus_Rhythm": false,
    "Quality_OK": true,
    "subject_type": "fetal",
    "filename": "sub08_l4_c0_combined_cleaned_fecg.npy"
}