{
    "Heart_Rate_Mean": 93.49884019614638,
    "PR_Interval_ms": 50.627272727272725,
    "QRS_Duration_ms": 116.70386266094421,
    "QT_Interval_ms": 259.93978494623656,
    "Sinus_Rhythm": true,
    "Quality_OK": true,
    "subject_type": "fetal",
    "filename": "sub08_l5_c0_combined_cleaned_fecg.npy"
}