{
    "ECG_Rate_Mean": 105.15376426773702,
    "HRV_SDNN": 11.075755899600574,
    "HRV_RMSSD": 15.556963728790109,
    "HRV_pNN50": 0.0,
    "ECG_QRS_Duration": 45.786259541984734,
    "ECG_QT_Interval": 199.26666666666668,
    "ECG_PR_Interval": 150.17228464419475,
    "Flags": [
        "Maternal tachycardia (HR > 100 bpm)"
    ],
    "subject_type": "maternal",
    "filename": "sub02_l4_c0_combined_cleaned_mecg.npy"
}