{
    "Heart_Rate_Mean": 88.14701587784681,
    "PR_Interval_ms": 150.74599542334096,
    "QRS_Duration_ms": 199.89791183294665,
    "QT_Interval_ms": 365.6317016317016,
    "Sinus_Rhythm": true,
    "Quality_OK": true,
    "subject_type": "maternal",
    "filename": "sub09_l3_c0_combined_cleaned_mecg.npy"
}