{
    "Heart_Rate_Mean": 68.5538471347194,
    "PR_Interval_ms": 39.049853372434015,
    "QRS_Duration_ms": 91.29618768328446,
    "QT_Interval_ms": 276.2705882352941,
    "Sinus_Rhythm": true,
    "Quality_OK": true,
    "subject_type": "maternal",
    "filename": "sub04_l1_c0_combined_cleaned_mecg.npy"
}