{
    "Heart_Rate_Mean": 88.1378863723529,
    "PR_Interval_ms": 85.8132118451025,
    "QRS_Duration_ms": 61.239179954441916,
    "QT_Interval_ms": 316.3006833712984,
    "Sinus_Rhythm": true,
    "Quality_OK": true,
    "subject_type": "maternal",
    "filename": "sub09_l1_c0_combined_cleaned_mecg.npy"
}