{
    "ECG_Rate_Mean": 52.19001657410938,
    "HRV_SDNN": 65.16932587030398,
    "HRV_RMSSD": 109.03779303561458,
    "HRV_pNN50": 62.16216216216216,
    "ECG_QRS_Duration": 188.94117647058823,
    "ECG_QT_Interval": NaN,
    "ECG_PR_Interval": 57.353846153846156,
    "Flags": [
        "Could not calculate QT Interval - insufficient peak matching",
        "Maternal bradycardia (HR < 60 bpm)",
        "Wide QRS complex (> 120 ms)"
    ],
    "subject_type": "maternal",
    "filename": "sub06_l5_c0_combined_cleaned_mecg.npy"
}