{
    "Heart_Rate_Mean": 59.70708276123749,
    "PR_Interval_ms": 288.013468013468,
    "QRS_Duration_ms": 74.08754208754209,
    "QT_Interval_ms": 155.78378378378378,
    "Sinus_Rhythm": false,
    "Quality_OK": true,
    "subject_type": "maternal",
    "filename": "sub07_l1_c0_combined_cleaned_mecg.npy"
}