{
    "ECG_Rate_Mean": 113.81194319179204,
    "HRV_SDNN": 10.896291346790505,
    "HRV_RMSSD": 15.38408898841681,
    "HRV_pNN50": 0.35211267605633806,
    "ECG_QRS_Duration": 160.74647887323943,
    "ECG_QT_Interval": 184.0,
    "ECG_PR_Interval": 29.295774647887324,
    "Flags": [
        "Prolonged QRS duration (Possible conduction issue)"
    ],
    "subject_type": "fetal",
    "filename": "sub05_l3_c0_combined_cleaned_fecg.npy"
}