{
    "Heart_Rate_Mean": 52.188904464785544,
    "PR_Interval_ms": 201.94594594594594,
    "QRS_Duration_ms": 308.6795366795367,
    "QT_Interval_ms": 554.6509803921568,
    "Sinus_Rhythm": false,
    "Quality_OK": true,
    "subject_type": "maternal",
    "filename": "sub06_l5_c0_combined_cleaned_mecg.npy"
}