{
    "ECG_Rate_Mean": 68.57059088989362,
    "HRV_SDNN": 25.532513492680213,
    "HRV_RMSSD": 36.44109053223964,
    "HRV_pNN50": 17.251461988304094,
    "ECG_QRS_Duration": 90.42105263157895,
    "ECG_QT_Interval": NaN,
    "ECG_PR_Interval": 39.29824561403509,
    "Flags": [
        "Could not calculate QT Interval - insufficient peak matching"
    ],
    "subject_type": "maternal",
    "filename": "sub04_l2_c0_combined_cleaned_mecg.npy"
}