{
    "ECG_Rate_Mean": 115.40044270156778,
    "HRV_SDNN": 17.97633482794496,
    "HRV_RMSSD": 22.327932850263,
    "HRV_pNN50": 2.2608695652173916,
    "ECG_QRS_Duration": 129.37521815008725,
    "ECG_QT_Interval": -42.4,
    "ECG_PR_Interval": 58.24063116370809,
    "Flags": [
        "Prolonged QRS duration (Possible conduction issue)"
    ],
    "subject_type": "fetal",
    "filename": "sub07_l3_c0_combined_cleaned_fecg.npy"
}