{
    "Heart_Rate_Mean": 59.70413663505102,
    "PR_Interval_ms": 89.4006734006734,
    "QRS_Duration_ms": 101.29292929292929,
    "QT_Interval_ms": 492.2154882154882,
    "Sinus_Rhythm": true,
    "Quality_OK": true,
    "subject_type": "maternal",
    "filename": "sub07_l4_c0_combined_cleaned_mecg.npy"
}