{
    "Heart_Rate_Mean": 160.17903387432983,
    "PR_Interval_ms": 99.95989974937343,
    "QRS_Duration_ms": 40.576441102756895,
    "QT_Interval_ms": 589.2203389830509,
    "Sinus_Rhythm": true,
    "Quality_OK": true,
    "subject_type": "fetal",
    "filename": "sub09_l4_c0_combined_cleaned_fecg.npy"
}