{
    "Heart_Rate_Mean": 128.11216115281673,
    "PR_Interval_ms": 125.3926499032882,
    "QRS_Duration_ms": 121.90923317683881,
    "QT_Interval_ms": 760.2666666666667,
    "Sinus_Rhythm": true,
    "Quality_OK": true,
    "subject_type": "fetal",
    "filename": "sub06_l3_c0_combined_cleaned_fecg.npy"
}