{
    "Heart_Rate_Mean": 143.01312027997838,
    "PR_Interval_ms": 119.50877192982456,
    "QRS_Duration_ms": 50.081346423562415,
    "QT_Interval_ms": 165.3295932678822,
    "Sinus_Rhythm": false,
    "Quality_OK": true,
    "subject_type": "fetal",
    "filename": "sub01_l5_c0_combined_cleaned_fecg.npy"
}