{
    "Heart_Rate_Mean": 52.14643181796409,
    "PR_Interval_ms": 153.34362934362935,
    "QRS_Duration_ms": 90.33204633204633,
    "QT_Interval_ms": 518.5328185328185,
    "Sinus_Rhythm": false,
    "Quality_OK": true,
    "subject_type": "maternal",
    "filename": "sub06_l3_c0_combined_cleaned_mecg.npy"
}