{
    "Heart_Rate_Mean": 83.31902807381833,
    "PR_Interval_ms": 165.13734939759036,
    "QRS_Duration_ms": 89.52289156626506,
    "QT_Interval_ms": 429.6084656084656,
    "Sinus_Rhythm": false,
    "Quality_OK": true,
    "subject_type": "maternal",
    "filename": "sub08_l4_c0_combined_cleaned_mecg.npy"
}