{
    "Heart_Rate_Mean": 88.11926137026994,
    "PR_Interval_ms": 149.57437070938215,
    "QRS_Duration_ms": 198.83602771362587,
    "QT_Interval_ms": 365.8266978922717,
    "Sinus_Rhythm": true,
    "Quality_OK": true,
    "subject_type": "maternal",
    "filename": "sub09_l5_c0_combined_cleaned_mecg.npy"
}