{
    "Heart_Rate_Mean": 107.77665258854373,
    "PR_Interval_ms": 138.88059701492537,
    "QRS_Duration_ms": 50.23463687150838,
    "QT_Interval_ms": 246.71880819366854,
    "Sinus_Rhythm": true,
    "Quality_OK": true,
    "subject_type": "maternal",
    "filename": "sub01_l3_c0_combined_cleaned_mecg.npy"
}