{
    "Heart_Rate_Mean": 112.92910416619007,
    "PR_Interval_ms": 87.33707865168539,
    "QRS_Duration_ms": 129.2930728241563,
    "QT_Interval_ms": 618.7851851851852,
    "Sinus_Rhythm": false,
    "Quality_OK": true,
    "subject_type": "fetal",
    "filename": "sub04_l3_c0_combined_cleaned_fecg.npy"
}