{
    "Heart_Rate_Mean": 160.11796382415105,
    "PR_Interval_ms": 72.67167919799499,
    "QRS_Duration_ms": 64.3157894736842,
    "QT_Interval_ms": 178.59649122807016,
    "Sinus_Rhythm": true,
    "Quality_OK": true,
    "subject_type": "fetal",
    "filename": "sub09_l5_c0_combined_cleaned_fecg.npy"
}