{
    "Heart_Rate_Mean": 143.37233495136982,
    "PR_Interval_ms": 94.90322580645162,
    "QRS_Duration_ms": 68.73846153846154,
    "QT_Interval_ms": 576.9354838709677,
    "Sinus_Rhythm": false,
    "Quality_OK": true,
    "subject_type": "fetal",
    "filename": "sub01_l3_c0_combined_cleaned_fecg.npy"
}