{
    "Heart_Rate_Mean": 128.0738608253216,
    "PR_Interval_ms": 155.3939393939394,
    "QRS_Duration_ms": 55.23630672926448,
    "QT_Interval_ms": 226.04068857589985,
    "Sinus_Rhythm": false,
    "Quality_OK": true,
    "subject_type": "fetal",
    "filename": "sub06_l2_c0_combined_cleaned_fecg.npy"
}