{
    "Heart_Rate_Mean": 115.39802351009078,
    "PR_Interval_ms": 58.677618069815196,
    "QRS_Duration_ms": 131.90243902439025,
    "QT_Interval_ms": 697.728813559322,
    "Sinus_Rhythm": true,
    "Quality_OK": true,
    "subject_type": "fetal",
    "filename": "sub07_l3_c0_combined_cleaned_fecg.npy"
}