{
    "Heart_Rate_Mean": 83.33327707647192,
    "PR_Interval_ms": 178.76626506024095,
    "QRS_Duration_ms": 73.8698795180723,
    "QT_Interval_ms": 556.8301886792453,
    "Sinus_Rhythm": false,
    "Quality_OK": true,
    "subject_type": "maternal",
    "filename": "sub08_l2_c0_combined_cleaned_mecg.npy"
}