{
    "Heart_Rate_Mean": 97.78507029863104,
    "PR_Interval_ms": 86.27515400410678,
    "QRS_Duration_ms": 57.79876796714579,
    "QT_Interval_ms": 242.17659137577002,
    "Sinus_Rhythm": true,
    "Quality_OK": true,
    "subject_type": "maternal",
    "filename": "sub05_l5_c0_combined_cleaned_mecg.npy"
}