{
    "Heart_Rate_Mean": 77.33390448538182,
    "PR_Interval_ms": 44.15584415584416,
    "QRS_Duration_ms": 144.6961038961039,
    "QT_Interval_ms": 303.3211488250653,
    "Sinus_Rhythm": true,
    "Quality_OK": true,
    "subject_type": "maternal",
    "filename": "sub03_l5_c0_combined_cleaned_mecg.npy"
}