{
    "Heart_Rate_Mean": 68.5764613721411,
    "PR_Interval_ms": 62.39766081871345,
    "QRS_Duration_ms": 88.42105263157895,
    "QT_Interval_ms": 309.7543859649123,
    "Sinus_Rhythm": true,
    "Quality_OK": true,
    "subject_type": "maternal",
    "filename": "sub04_l3_c0_combined_cleaned_mecg.npy"
}