{
    "Heart_Rate_Mean": 83.31678793613777,
    "PR_Interval_ms": 181.52289156626506,
    "QRS_Duration_ms": 75.32530120481928,
    "QT_Interval_ms": 525.9642857142857,
    "Sinus_Rhythm": false,
    "Quality_OK": true,
    "subject_type": "maternal",
    "filename": "sub08_l3_c0_combined_cleaned_mecg.npy"
}