{
    "Heart_Rate_Mean": 143.0262324364274,
    "PR_Interval_ms": 92.48717948717949,
    "QRS_Duration_ms": 466.9491525423729,
    "QT_Interval_ms": 443.32908704883226,
    "Sinus_Rhythm": false,
    "Quality_OK": true,
    "subject_type": "fetal",
    "filename": "sub01_l4_c0_combined_cleaned_fecg.npy"
}