{
    "ECG_Rate_Mean": 88.14639124036184,
    "HRV_SDNN": 17.13162570835825,
    "HRV_RMSSD": 25.44364351726753,
    "HRV_pNN50": 3.8724373576309796,
    "ECG_QRS_Duration": 166.14364640883977,
    "ECG_QT_Interval": -182.28571428571428,
    "ECG_PR_Interval": 148.76887871853546,
    "Flags": [
        "Wide QRS complex (> 120 ms)"
    ],
    "subject_type": "maternal",
    "filename": "sub09_l3_c0_combined_cleaned_mecg.npy"
}