{
    "Heart_Rate_Mean": 68.56941619194905,
    "PR_Interval_ms": 39.29824561403509,
    "QRS_Duration_ms": 90.3625730994152,
    "QT_Interval_ms": 274.7368421052632,
    "Sinus_Rhythm": true,
    "Quality_OK": true,
    "subject_type": "maternal",
    "filename": "sub04_l2_c0_combined_cleaned_mecg.npy"
}