{
    "ECG_Rate_Mean": 52.14643181796409,
    "HRV_SDNN": 44.2110409782849,
    "HRV_RMSSD": 62.57373944568963,
    "HRV_pNN50": 52.509652509652504,
    "ECG_QRS_Duration": 90.37837837837837,
    "ECG_QT_Interval": NaN,
    "ECG_PR_Interval": 153.28185328185327,
    "Flags": [
        "Could not calculate QT Interval - insufficient peak matching",
        "Maternal bradycardia (HR < 60 bpm)"
    ],
    "subject_type": "maternal",
    "filename": "sub06_l3_c0_combined_cleaned_mecg.npy"
}