{
    "ECG_Rate_Mean": 97.79248446878395,
    "HRV_SDNN": 12.50948541040398,
    "HRV_RMSSD": 16.77487120372128,
    "HRV_pNN50": 0.20491803278688525,
    "ECG_QRS_Duration": 57.58196721311475,
    "ECG_QT_Interval": NaN,
    "ECG_PR_Interval": 86.44262295081967,
    "Flags": [
        "Could not calculate QT Interval - insufficient peak matching"
    ],
    "subject_type": "maternal",
    "filename": "sub05_l2_c0_combined_cleaned_mecg.npy"
}