{
    "Heart_Rate_Mean": 105.16835605331435,
    "PR_Interval_ms": 152.01333333333332,
    "QRS_Duration_ms": 48.74809160305343,
    "QT_Interval_ms": 207.4351145038168,
    "Sinus_Rhythm": false,
    "Quality_OK": true,
    "subject_type": "maternal",
    "filename": "sub02_l1_c0_combined_cleaned_mecg.npy"
}