{
    "Heart_Rate_Mean": 137.1855160610589,
    "PR_Interval_ms": 111.92961876832844,
    "QRS_Duration_ms": 120.47953216374269,
    "QT_Interval_ms": 666.1176470588235,
    "Sinus_Rhythm": true,
    "Quality_OK": true,
    "subject_type": "fetal",
    "filename": "sub03_l1_c0_combined_cleaned_fecg.npy"
}