{
    "Heart_Rate_Mean": 113.89784079462366,
    "PR_Interval_ms": 89.53535353535354,
    "QRS_Duration_ms": 65.02292768959435,
    "QT_Interval_ms": 640.7630057803468,
    "Sinus_Rhythm": false,
    "Quality_OK": true,
    "subject_type": "fetal",
    "filename": "sub05_l4_c0_combined_cleaned_fecg.npy"
}