{
    "Heart_Rate_Mean": 88.13859562801927,
    "PR_Interval_ms": 85.63097949886105,
    "QRS_Duration_ms": 61.12072892938497,
    "QT_Interval_ms": 316.21867881548974,
    "Sinus_Rhythm": true,
    "Quality_OK": true,
    "subject_type": "maternal",
    "filename": "sub09_l2_c0_combined_cleaned_mecg.npy"
}