{
    "Heart_Rate_Mean": 74.81162024741006,
    "PR_Interval_ms": 76.65555555555555,
    "QRS_Duration_ms": 142.98060941828254,
    "QT_Interval_ms": 429.1523545706371,
    "Sinus_Rhythm": false,
    "Quality_OK": true,
    "subject_type": "fetal",
    "filename": "sub06_l1_c0_combined_cleaned_fecg.npy"
}