{
    "Heart_Rate_Mean": 77.32918319310335,
    "PR_Interval_ms": 43.94805194805195,
    "QRS_Duration_ms": 144.56103896103897,
    "QT_Interval_ms": 297.1503957783641,
    "Sinus_Rhythm": true,
    "Quality_OK": true,
    "subject_type": "maternal",
    "filename": "sub03_l4_c0_combined_cleaned_mecg.npy"
}