{
    "ECG_Rate_Mean": 105.15551966772527,
    "HRV_SDNN": 11.00970257150498,
    "HRV_RMSSD": 16.059164035590037,
    "HRV_pNN50": 1.5267175572519083,
    "ECG_QRS_Duration": 45.969465648854964,
    "ECG_QT_Interval": 199.59183673469389,
    "ECG_PR_Interval": 150.76470588235293,
    "Flags": [
        "Maternal tachycardia (HR > 100 bpm)"
    ],
    "subject_type": "maternal",
    "filename": "sub02_l5_c0_combined_cleaned_mecg.npy"
}