{
    "Heart_Rate_Mean": 88.13682481643762,
    "PR_Interval_ms": 156.54252873563217,
    "QRS_Duration_ms": 199.69444444444446,
    "QT_Interval_ms": 369.50925925925924,
    "Sinus_Rhythm": true,
    "Quality_OK": true,
    "subject_type": "maternal",
    "filename": "sub09_l4_c0_combined_cleaned_mecg.npy"
}