{
    "Heart_Rate_Mean": 59.717792159773474,
    "PR_Interval_ms": 88.67567567567568,
    "QRS_Duration_ms": 101.07744107744108,
    "QT_Interval_ms": 489.3198653198653,
    "Sinus_Rhythm": true,
    "Quality_OK": true,
    "subject_type": "maternal",
    "filename": "sub07_l3_c0_combined_cleaned_mecg.npy"
}