{
    "Heart_Rate_Mean": 128.11759748138795,
    "PR_Interval_ms": 116.75801749271137,
    "QRS_Duration_ms": 54.99843505477308,
    "QT_Interval_ms": 227.21752738654146,
    "Sinus_Rhythm": false,
    "Quality_OK": true,
    "subject_type": "fetal",
    "filename": "sub06_l5_c0_combined_cleaned_fecg.npy"
}