{
    "Heart_Rate_Mean": 52.13411357352819,
    "PR_Interval_ms": 153.4208494208494,
    "QRS_Duration_ms": 90.2084942084942,
    "QT_Interval_ms": 516.6640926640927,
    "Sinus_Rhythm": false,
    "Quality_OK": true,
    "subject_type": "maternal",
    "filename": "sub06_l4_c0_combined_cleaned_mecg.npy"
}