{
    "ECG_Rate_Mean": 97.78507029863104,
    "HRV_SDNN": 12.60437415515334,
    "HRV_RMSSD": 17.69703888183515,
    "HRV_pNN50": 0.0,
    "ECG_QRS_Duration": 57.70841889117043,
    "ECG_QT_Interval": NaN,
    "ECG_PR_Interval": 86.46406570841889,
    "Flags": [
        "Could not calculate QT Interval - insufficient peak matching"
    ],
    "subject_type": "maternal",
    "filename": "sub05_l5_c0_combined_cleaned_mecg.npy"
}