{
    "ECG_Rate_Mean": 128.11769261061312,
    "HRV_SDNN": 10.628365899085455,
    "HRV_RMSSD": 15.201880761385599,
    "HRV_pNN50": 0.0,
    "ECG_QRS_Duration": 54.491392801251955,
    "ECG_QT_Interval": NaN,
    "ECG_PR_Interval": 93.93911007025761,
    "Flags": [
        "Could not calculate QT Interval - insufficient peak matching"
    ],
    "subject_type": "fetal",
    "filename": "sub06_l5_c0_combined_cleaned_fecg.npy"
}