{
    "Heart_Rate_Mean": 68.55647397685225,
    "PR_Interval_ms": 63.95280235988201,
    "QRS_Duration_ms": 88.35190615835778,
    "QT_Interval_ms": 310.0058651026393,
    "Sinus_Rhythm": true,
    "Quality_OK": true,
    "subject_type": "maternal",
    "filename": "sub04_l5_c0_combined_cleaned_mecg.npy"
}