{
    "Heart_Rate_Mean": 59.711389687405294,
    "PR_Interval_ms": 87.85034013605443,
    "QRS_Duration_ms": 102.32996632996633,
    "QT_Interval_ms": 484.8619528619529,
    "Sinus_Rhythm": true,
    "Quality_OK": true,
    "subject_type": "maternal",
    "filename": "sub07_l2_c0_combined_cleaned_mecg.npy"
}