{
    "Heart_Rate_Mean": 107.7770647784624,
    "PR_Interval_ms": 139.52985074626866,
    "QRS_Duration_ms": 50.055865921787706,
    "QT_Interval_ms": 246.71880819366854,
    "Sinus_Rhythm": true,
    "Quality_OK": true,
    "subject_type": "maternal",
    "filename": "sub01_l1_c0_combined_cleaned_mecg.npy"
}