{
    "ECG_Rate_Mean": 52.13412378594324,
    "HRV_SDNN": 44.20779674161445,
    "HRV_RMSSD": 62.863454832584345,
    "HRV_pNN50": 38.22393822393823,
    "ECG_QRS_Duration": 90.23938223938224,
    "ECG_QT_Interval": NaN,
    "ECG_PR_Interval": 153.40540540540542,
    "Flags": [
        "Could not calculate QT Interval - insufficient peak matching",
        "Maternal bradycardia (HR < 60 bpm)"
    ],
    "subject_type": "maternal",
    "filename": "sub06_l4_c0_combined_cleaned_mecg.npy"
}