{
    "Heart_Rate_Mean": 97.79395807347643,
    "PR_Interval_ms": 37.34426229508197,
    "QRS_Duration_ms": 114.09836065573771,
    "QT_Interval_ms": 276.88706365503083,
    "Sinus_Rhythm": true,
    "Quality_OK": true,
    "subject_type": "maternal",
    "filename": "sub05_l1_c0_combined_cleaned_mecg.npy"
}