{
    "ECG_Rate_Mean": 93.47828969305948,
    "HRV_SDNN": 20.05969401589317,
    "HRV_RMSSD": 28.487914811768526,
    "HRV_pNN50": 10.515021459227468,
    "ECG_QRS_Duration": 50.669546436285096,
    "ECG_QT_Interval": NaN,
    "ECG_PR_Interval": 88.27645788336933,
    "Flags": [
        "Could not calculate QT Interval - insufficient peak matching",
        "Fetal bradycardia (HR < 110 bpm)"
    ],
    "subject_type": "fetal",
    "filename": "sub08_l2_c0_combined_cleaned_fecg.npy"
}