{
    "ECG_Rate_Mean": 115.60618049393298,
    "HRV_SDNN": 13.711724944958004,
    "HRV_RMSSD": 19.524076552231385,
    "HRV_pNN50": 0.1736111111111111,
    "ECG_QRS_Duration": 122.11805555555556,
    "ECG_QT_Interval": 112.88888888888889,
    "ECG_PR_Interval": 95.12990936555892,
    "Flags": [
        "Prolonged QRS duration (Possible conduction issue)"
    ],
    "subject_type": "fetal",
    "filename": "sub07_l5_c0_combined_cleaned_fecg.npy"
}