{
    "Heart_Rate_Mean": 137.17728826806984,
    "PR_Interval_ms": 106.0701754385965,
    "QRS_Duration_ms": 49.15204678362573,
    "QT_Interval_ms": 174.4093567251462,
    "Sinus_Rhythm": true,
    "Quality_OK": true,
    "subject_type": "fetal",
    "filename": "sub03_l4_c0_combined_cleaned_fecg.npy"
}