{
    "Heart_Rate_Mean": 68.55634560170186,
    "PR_Interval_ms": 39.29618768328446,
    "QRS_Duration_ms": 90.45161290322581,
    "QT_Interval_ms": 273.4310850439883,
    "Sinus_Rhythm": true,
    "Quality_OK": true,
    "subject_type": "maternal",
    "filename": "sub04_l4_c0_combined_cleaned_mecg.npy"
}