{
    "Heart_Rate_Mean": 107.75631157679837,
    "PR_Interval_ms": 41.45794392523364,
    "QRS_Duration_ms": 75.26119402985074,
    "QT_Interval_ms": 750.6666666666666,
    "Sinus_Rhythm": true,
    "Quality_OK": true,
    "subject_type": "maternal",
    "filename": "sub01_l2_c0_combined_cleaned_mecg.npy"
}