{
    "ECG_Rate_Mean": 77.33927637887845,
    "HRV_SDNN": 18.411846835559544,
    "HRV_RMSSD": 27.04471605816313,
    "HRV_pNN50": 5.974025974025974,
    "ECG_QRS_Duration": 144.9375,
    "ECG_QT_Interval": 198.85365853658536,
    "ECG_PR_Interval": 44.12467532467532,
    "Flags": [
        "Wide QRS complex (> 120 ms)"
    ],
    "subject_type": "maternal",
    "filename": "sub03_l3_c0_combined_cleaned_mecg.npy"
}