{
    "Heart_Rate_Mean": 114.8891044436236,
    "PR_Interval_ms": 40.031558185404336,
    "QRS_Duration_ms": 580.4194756554307,
    "QT_Interval_ms": 656.2971428571428,
    "Sinus_Rhythm": true,
    "Quality_OK": true,
    "subject_type": "fetal",
    "filename": "sub04_l2_c0_combined_cleaned_fecg.npy"
}