{
    "ECG_Rate_Mean": 160.11801526729212,
    "HRV_SDNN": 6.72033816140702,
    "HRV_RMSSD": 9.68564888008833,
    "HRV_pNN50": 0.0,
    "ECG_QRS_Duration": 65.27318295739349,
    "ECG_QT_Interval": 129.06451612903226,
    "ECG_PR_Interval": 71.8546365914787,
    "Flags": [
        "Fetal tachycardia (HR > 160 bpm)"
    ],
    "subject_type": "fetal",
    "filename": "sub09_l5_c0_combined_cleaned_fecg.npy"
}