{
    "Heart_Rate_Mean": 115.71680671836681,
    "PR_Interval_ms": 90.22528735632184,
    "QRS_Duration_ms": 190.14260869565217,
    "QT_Interval_ms": 545.0518518518519,
    "Sinus_Rhythm": false,
    "Quality_OK": true,
    "subject_type": "fetal",
    "filename": "sub07_l4_c0_combined_cleaned_fecg.npy"
}