{
    "ECG_Rate_Mean": 160.17865362993277,
    "HRV_SDNN": 7.481295773364098,
    "HRV_RMSSD": 10.57826184155302,
    "HRV_pNN50": 0.12531328320802004,
    "ECG_QRS_Duration": 42.82706766917293,
    "ECG_QT_Interval": -134.26415094339623,
    "ECG_PR_Interval": 99.96491228070175,
    "Flags": [
        "Fetal tachycardia (HR > 160 bpm)"
    ],
    "subject_type": "fetal",
    "filename": "sub09_l4_c0_combined_cleaned_fecg.npy"
}