{
    "ECG_Rate_Mean": 93.49797282841519,
    "HRV_SDNN": 20.49197116839945,
    "HRV_RMSSD": 29.10152787623328,
    "HRV_pNN50": 10.515021459227468,
    "ECG_QRS_Duration": 188.25382932166303,
    "ECG_QT_Interval": 180.0,
    "ECG_PR_Interval": 174.33476394849785,
    "Flags": [
        "Fetal bradycardia (HR < 110 bpm)",
        "Prolonged QRS duration (Possible conduction issue)"
    ],
    "subject_type": "fetal",
    "filename": "sub08_l4_c0_combined_cleaned_fecg.npy"
}