{
    "Heart_Rate_Mean": 120.56708201262494,
    "PR_Interval_ms": 63.4041095890411,
    "QRS_Duration_ms": 73.14475873544093,
    "QT_Interval_ms": 229.5773710482529,
    "Sinus_Rhythm": true,
    "Quality_OK": true,
    "subject_type": "fetal",
    "filename": "sub02_l3_c0_combined_cleaned_fecg.npy"
}