{
    "Heart_Rate_Mean": 93.50715091272818,
    "PR_Interval_ms": 64.38095238095238,
    "QRS_Duration_ms": 156.62660944206007,
    "QT_Interval_ms": 365.20459770114945,
    "Sinus_Rhythm": true,
    "Quality_OK": true,
    "subject_type": "fetal",
    "filename": "sub08_l3_c0_combined_cleaned_fecg.npy"
}