{
    "Heart_Rate_Mean": 113.81553387555597,
    "PR_Interval_ms": 106.77894736842106,
    "QRS_Duration_ms": 45.23943661971831,
    "QT_Interval_ms": 584.173285198556,
    "Sinus_Rhythm": true,
    "Quality_OK": true,
    "subject_type": "fetal",
    "filename": "sub05_l5_c0_combined_cleaned_fecg.npy"
}