{
    "Heart_Rate_Mean": 137.20365096931405,
    "PR_Interval_ms": 33.367909238249595,
    "QRS_Duration_ms": 78.75438596491227,
    "QT_Interval_ms": 200.46198830409358,
    "Sinus_Rhythm": true,
    "Quality_OK": true,
    "subject_type": "fetal",
    "filename": "sub03_l5_c0_combined_cleaned_fecg.npy"
}