{
    "Heart_Rate_Mean": 120.56083153823488,
    "PR_Interval_ms": 120.91214953271027,
    "QRS_Duration_ms": 131.61397670549084,
    "QT_Interval_ms": 623.010752688172,
    "Sinus_Rhythm": true,
    "Quality_OK": true,
    "subject_type": "fetal",
    "filename": "sub02_l4_c0_combined_cleaned_fecg.npy"
}