{
    "Heart_Rate_Mean": 105.15602883110259,
    "PR_Interval_ms": 154.32996632996634,
    "QRS_Duration_ms": 48.61068702290076,
    "QT_Interval_ms": 207.46564885496184,
    "Sinus_Rhythm": false,
    "Quality_OK": true,
    "subject_type": "maternal",
    "filename": "sub02_l5_c0_combined_cleaned_mecg.npy"
}