{
    "Heart_Rate_Mean": 97.79201920751073,
    "PR_Interval_ms": 37.204918032786885,
    "QRS_Duration_ms": 114.07377049180327,
    "QT_Interval_ms": 273.319587628866,
    "Sinus_Rhythm": true,
    "Quality_OK": true,
    "subject_type": "maternal",
    "filename": "sub05_l4_c0_combined_cleaned_mecg.npy"
}