{
    "Heart_Rate_Mean": 77.3288089565663,
    "PR_Interval_ms": 112.96623376623377,
    "QRS_Duration_ms": 65.88051948051948,
    "QT_Interval_ms": 301.32987012987013,
    "Sinus_Rhythm": true,
    "Quality_OK": true,
    "subject_type": "maternal",
    "filename": "sub03_l2_c0_combined_cleaned_mecg.npy"
}