{
    "ECG_Rate_Mean": 113.00647331150728,
    "HRV_SDNN": 12.828015900639324,
    "HRV_RMSSD": 16.676106460753704,
    "HRV_pNN50": 0.7104795737122558,
    "ECG_QRS_Duration": 162.35879218472468,
    "ECG_QT_Interval": 148.0,
    "ECG_PR_Interval": 25.302491103202847,
    "Flags": [
        "Prolonged QRS duration (Possible conduction issue)"
    ],
    "subject_type": "fetal",
    "filename": "sub04_l5_c0_combined_cleaned_fecg.npy"
}