{
    "Heart_Rate_Mean": 160.1257739036889,
    "PR_Interval_ms": 84.28571428571429,
    "QRS_Duration_ms": 68.57644110275689,
    "QT_Interval_ms": 531.6062176165804,
    "Sinus_Rhythm": true,
    "Quality_OK": true,
    "subject_type": "fetal",
    "filename": "sub09_l1_c0_combined_cleaned_fecg.npy"
}