{
    "Heart_Rate_Mean": 59.71084330971405,
    "PR_Interval_ms": 89.11784511784512,
    "QRS_Duration_ms": 101.22558922558923,
    "QT_Interval_ms": 491.4343434343434,
    "Sinus_Rhythm": true,
    "Quality_OK": true,
    "subject_type": "maternal",
    "filename": "sub07_l5_c0_combined_cleaned_mecg.npy"
}