{
    "Heart_Rate_Mean": 145.84748897414124,
    "PR_Interval_ms": 86.58638743455498,
    "QRS_Duration_ms": 134.15339233038347,
    "QT_Interval_ms": 512.6418338108882,
    "Sinus_Rhythm": false,
    "Quality_OK": true,
    "subject_type": "fetal",
    "filename": "sub01_l2_c0_combined_cleaned_fecg.npy"
}