{
    "Heart_Rate_Mean": 93.47851171479759,
    "PR_Interval_ms": 594.2672413793103,
    "QRS_Duration_ms": 52.474137931034484,
    "QT_Interval_ms": 263.98275862068965,
    "Sinus_Rhythm": true,
    "Quality_OK": true,
    "subject_type": "fetal",
    "filename": "sub08_l2_c0_combined_cleaned_fecg.npy"
}