{
    "Heart_Rate_Mean": 77.33935086115147,
    "PR_Interval_ms": 44.176623376623375,
    "QRS_Duration_ms": 145.14285714285714,
    "QT_Interval_ms": 297.56430446194224,
    "Sinus_Rhythm": true,
    "Quality_OK": true,
    "subject_type": "maternal",
    "filename": "sub03_l3_c0_combined_cleaned_mecg.npy"
}