{
    "Heart_Rate_Mean": 52.130295361082524,
    "PR_Interval_ms": 153.62790697674419,
    "QRS_Duration_ms": 91.27413127413128,
    "QT_Interval_ms": 514.6666666666666,
    "Sinus_Rhythm": false,
    "Quality_OK": true,
    "subject_type": "maternal",
    "filename": "sub06_l2_c0_combined_cleaned_mecg.npy"
}