{
    "Heart_Rate_Mean": 83.32718391226757,
    "PR_Interval_ms": 173.79277108433735,
    "QRS_Duration_ms": 82.98795180722891,
    "QT_Interval_ms": 455.1523178807947,
    "Sinus_Rhythm": false,
    "Quality_OK": true,
    "subject_type": "maternal",
    "filename": "sub08_l5_c0_combined_cleaned_mecg.npy"
}