{
    "ECG_Rate_Mean": 128.11750551090043,
    "HRV_SDNN": 11.824834378184207,
    "HRV_RMSSD": 18.92933567815577,
    "HRV_pNN50": 2.8169014084507045,
    "ECG_QRS_Duration": 120.98432601880877,
    "ECG_QT_Interval": NaN,
    "ECG_PR_Interval": 122.83806343906511,
    "Flags": [
        "Could not calculate QT Interval - insufficient peak matching",
        "Prolonged QRS duration (Possible conduction issue)"
    ],
    "subject_type": "fetal",
    "filename": "sub06_l4_c0_combined_cleaned_fecg.npy"
}