{
    "ECG_Rate_Mean": 113.03384431315489,
    "HRV_SDNN": 27.024328723659707,
    "HRV_RMSSD": 48.59828797710934,
    "HRV_pNN50": 30.550621669627,
    "ECG_QRS_Duration": 63.16022099447514,
    "ECG_QT_Interval": 45.377049180327866,
    "ECG_PR_Interval": 122.93478260869566,
    "Flags": [],
    "subject_type": "fetal",
    "filename": "sub04_l4_c0_combined_cleaned_fecg.npy"
}