{
    "Heart_Rate_Mean": 120.57176365513799,
    "PR_Interval_ms": 72.85092127303183,
    "QRS_Duration_ms": 52.77870216306157,
    "QT_Interval_ms": 200.00665557404326,
    "Sinus_Rhythm": true,
    "Quality_OK": true,
    "subject_type": "fetal",
    "filename": "sub02_l5_c0_combined_cleaned_fecg.npy"
}