{
    "Heart_Rate_Mean": 143.01898580735687,
    "PR_Interval_ms": 117.99460916442048,
    "QRS_Duration_ms": 66.27450980392157,
    "QT_Interval_ms": 155.56302521008402,
    "Sinus_Rhythm": false,
    "Quality_OK": true,
    "subject_type": "fetal",
    "filename": "sub01_l1_c0_combined_cleaned_fecg.npy"
}