{
    "Heart_Rate_Mean": 137.17768535283597,
    "PR_Interval_ms": 88.64285714285714,
    "QRS_Duration_ms": 55.445427728613566,
    "QT_Interval_ms": 195.21533923303835,
    "Sinus_Rhythm": false,
    "Quality_OK": true,
    "subject_type": "fetal",
    "filename": "sub03_l2_c0_combined_cleaned_fecg.npy"
}