{
    "Heart_Rate_Mean": 160.1414322466732,
    "PR_Interval_ms": 90.99749373433583,
    "QRS_Duration_ms": 40.16040100250627,
    "QT_Interval_ms": 199.50877192982455,
    "Sinus_Rhythm": true,
    "Quality_OK": true,
    "subject_type": "fetal",
    "filename": "sub09_l2_c0_combined_cleaned_fecg.npy"
}