{
    "Heart_Rate_Mean": 77.3273119821614,
    "PR_Interval_ms": 43.896103896103895,
    "QRS_Duration_ms": 144.66493506493507,
    "QT_Interval_ms": 296.4779220779221,
    "Sinus_Rhythm": true,
    "Quality_OK": true,
    "subject_type": "maternal",
    "filename": "sub03_l1_c0_combined_cleaned_mecg.npy"
}