{
    "Heart_Rate_Mean": 83.2606840935186,
    "PR_Interval_ms": 171.3409090909091,
    "QRS_Duration_ms": 79.6722891566265,
    "QT_Interval_ms": 353.30120481927713,
    "Sinus_Rhythm": false,
    "Quality_OK": true,
    "subject_type": "maternal",
    "filename": "sub08_l1_c0_combined_cleaned_mecg.npy"
}