{
    "Heart_Rate_Mean": 93.48865298545155,
    "PR_Interval_ms": 59.21888412017167,
    "QRS_Duration_ms": 84.23175965665236,
    "QT_Interval_ms": 282.49785407725324,
    "Sinus_Rhythm": true,
    "Quality_OK": true,
    "subject_type": "fetal",
    "filename": "sub08_l1_c0_combined_cleaned_fecg.npy"
}