{
    "Heart_Rate_Mean": 35.99961349495187,
    "PR_Interval_ms": 64.1340782122905,
    "QRS_Duration_ms": 178.6368715083799,
    "QT_Interval_ms": 537.2290502793296,
    "Sinus_Rhythm": false,
    "Quality_OK": true,
    "subject_type": "maternal",
    "filename": "sub10_l5_c0_combined_cleaned_mecg.npy"
}