{
    "Heart_Rate_Mean": 121.86478609832359,
    "PR_Interval_ms": 127.19338842975206,
    "QRS_Duration_ms": 131.86184210526315,
    "QT_Interval_ms": 598.9097605893186,
    "Sinus_Rhythm": true,
    "Quality_OK": true,
    "subject_type": "fetal",
    "filename": "sub10_l3_c0_combined_cleaned_fecg.npy"
}