{
    "Heart_Rate_Mean": 121.84320522169841,
    "PR_Interval_ms": 61.26775956284153,
    "QRS_Duration_ms": 78.40924092409242,
    "QT_Interval_ms": 224.66666666666666,
    "Sinus_Rhythm": true,
    "Quality_OK": true,
    "subject_type": "fetal",
    "filename": "sub10_l5_c0_combined_cleaned_fecg.npy"
}