{
    "Heart_Rate_Mean": 36.051255353862025,
    "PR_Interval_ms": 204.51396648044692,
    "QRS_Duration_ms": 182.65921787709496,
    "QT_Interval_ms": 568.4916201117319,
    "Sinus_Rhythm": true,
    "Quality_OK": true,
    "subject_type": "maternal",
    "filename": "sub10_l1_c0_combined_cleaned_mecg.npy"
}