{
    "Heart_Rate_Mean": 121.84142796671833,
    "PR_Interval_ms": 132.27586206896552,
    "QRS_Duration_ms": 131.93421052631578,
    "QT_Interval_ms": 603.6363636363636,
    "Sinus_Rhythm": false,
    "Quality_OK": true,
    "subject_type": "fetal",
    "filename": "sub10_l2_c0_combined_cleaned_fecg.npy"
}