{
    "Heart_Rate_Mean": 36.019949826312505,
    "PR_Interval_ms": 232.7150837988827,
    "QRS_Duration_ms": 183.19553072625698,
    "QT_Interval_ms": 568.5139664804469,
    "Sinus_Rhythm": false,
    "Quality_OK": true,
    "subject_type": "maternal",
    "filename": "sub10_l3_c0_combined_cleaned_mecg.npy"
}