{
    "Heart_Rate_Mean": 36.00279087850648,
    "PR_Interval_ms": 65.03370786516854,
    "QRS_Duration_ms": 180.49162011173183,
    "QT_Interval_ms": 534.3687150837989,
    "Sinus_Rhythm": false,
    "Quality_OK": true,
    "subject_type": "maternal",
    "filename": "sub10_l4_c0_combined_cleaned_mecg.npy"
}