{
    "Heart_Rate_Mean": 36.01559970884875,
    "PR_Interval_ms": 228.87150837988827,
    "QRS_Duration_ms": 180.91620111731842,
    "QT_Interval_ms": 568.6927374301677,
    "Sinus_Rhythm": false,
    "Quality_OK": true,
    "subject_type": "maternal",
    "filename": "sub10_l2_c0_combined_cleaned_mecg.npy"
}