{
    "Heart_Rate_Mean": 121.85071165042898,
    "PR_Interval_ms": 70.87837837837837,
    "QRS_Duration_ms": 110.77631578947368,
    "QT_Interval_ms": 205.98026315789474,
    "Sinus_Rhythm": true,
    "Quality_OK": true,
    "subject_type": "fetal",
    "filename": "sub10_l4_c0_combined_cleaned_fecg.npy"
}